epoch_seconds	rss_kib	cpu_percent
1785408798	6232	177
1785408799	6236	180
1785408800	6236	184
1785408801	6340	185
1785408802	6416	181
1785408803	6416	181
1785408804	6416	181
1785408805	6416	182
1785408806	6416	182
1785408807	6416	184
1785408808	6416	185
1785408809	6416	186
1785408810	6416	187
1785408811	6416	188
1785408812	6416	188
1785408813	6416	180
1785408814	6416	181
1785408816	6416	181
1785408817	6416	182
1785408818	6416	183
1785408819	6416	184
1785408820	6416	184
1785408821	6416	185
1785408822	6416	185
1785408823	6416	186
1785408824	6416	186
1785408825	6416	186
1785408826	6416	186
1785408827	6416	187
